验收编号,验收项,验收要点,验收方式,预期结果,关联需求编号,验收状态,来源文档,备注
A1,启动与访问,能启动并访问主页、工作台、岗位库。,运行服务并访问 3 个入口,3 个地址均可正常打开，默认仅监听本机,REQ-013 / REQ-038 / REQ-039,未验收,需求分析 六.1,主页 /、工作台 /workspace/、岗位库 /workspace/#/jobs
A2,账号,账号可注册登录且数据隔离。,注册 + 登录 + 跨账号对照,注册登录成功；不同账号数据互不可见,REQ-014 / REQ-015 / REQ-016 / REQ-042 / REQ-043 / REQ-047,未验收,需求分析 六.2,密码加盐哈希，服务端会话
A3,岗位库,岗位筛选与详情正常。,功能测试,按关键词／城市／企业／方向筛选结果正确；详情可看来源与届别依据,REQ-017 ~ REQ-020 / REQ-049 / REQ-053,未验收,需求分析 六.3,缺失字段应保持空值
A4,投递管理,投递可收藏、更新、绑定快照。,功能测试,收藏成功；状态可更新；可绑定简历快照并记录时间与备注,REQ-021 / REQ-022 / REQ-023,未验收,需求分析 六.4,可在「我的投递」查看
A5,简历与导出,简历可编辑、保存、恢复、导出。,功能测试,模块可编辑、保存入库、版本可恢复；JSON/HTML/PDF 导出正常,REQ-024 ~ REQ-031 / REQ-041 / REQ-054,未验收,需求分析 六.5,PDF 依赖浏览器打印与分页设置
A6,日程,日程可增改并完成。,功能测试,可新增笔试／面试／截止／跟进待办并标记完成,REQ-036 / REQ-037,未验收,需求分析 六.6,仅站内记录，不发通知
A7,DeepSeek,无密钥有提示、确认后调用、可手动采纳、原文变化阻止覆盖。,功能测试 + 人工核对,四项行为全部符合；不返回模拟结果,REQ-032 ~ REQ-035 / REQ-044 / REQ-052,未验收,需求分析 六.7,需有效密钥与额度，当前尚未实调
A8,备份,备份可导出个人数据。,功能测试,设置页可导出投递／待办／简历，且不含密码与密钥,REQ-040 / REQ-045 / REQ-046,未验收,需求分析 六.8,完整迁移需停服复制 storage 目录
A9,总体结论,以上均需实际测试后确认，当前不宣称生产可用。,人工验收,8 项验收要点全部实测通过后方可判定通过,REQ-051 / REQ-055,未验收,需求分析 六,当前交付状态：已开发、未测试
